Ref,Val,Package,PosX,PosY,Rot,Side
C1,10uF,CP_Elec_5x5.4,59.436,-96.688,90,top
C2,10uF,CP_Elec_5x5.4,62.357,-104.988,90,top
C3,10uF,CP_Elec_5x5.4,59.436,-87.63,90,top
C4,22pF,C_0805_2012Metric,107.442,-114.112,270,top
C5,10uF,C_0805_2012Metric,67.056,-69.784,270,top
C6,22pF,C_0805_2012Metric,97.282,-114.112,90,top
C7,100nF,C_0805_2012Metric,97.536,-104.074,90,top
C12,0.1uF,C_0805_2012Metric,102.108,-69.53,270,top
D1,POWER_LED,LED_0805_2012Metric,66.548,-90.7565,90,top
D2,D_Schottky,D_SOD-123,62.357,-111.6815,270,top
D3,D,D_SOD-123,99.568,-91.821,0,top
D4,ESP_LED,LED_0805_2012Metric,64.6915,-80.264,180,top
D5,D_Small,D_SOD-123,56.515,-105.538,270,top
F1,Polyfuse,Fuse_0805_2012Metric,104.4725,-95.25,0,top
J2,USB_B_Micro,USB_Micro-B_Amphenol_10118194_Horizontal,113.03,-100.06,90,top
Q1,MMBT3904,SOT-23,87.9,-102.296,180,top
Q2,MMBT3904,SOT-23,87.9,-96.586,180,top
Q3,PZT2222A,SOT-223-3_TabPin2,57.658,-67.666,90,top
R1,1K,R_0805_2012Metric,66.548,-86.4635,90,top
R2,10K,R_0805_2012Metric,80.264,-92.3055,270,top
R3,10K,R_0805_2012Metric,80.264,-103.7355,270,top
R4,10K,R_0805_2012Metric,91.44,-102.2585,270,top
R5,10K,R_0805_2012Metric,91.44,-96.6235,270,top
R8,10K,R_0805_2012Metric,106.807,-64.6195,90,top
R9,10K,R_0805_2012Metric,102.108,-64.6665,90,top
R10,5K6,R_0805_2012Metric,57.404,-74.676,0,top
R11,50,R_0805_2012Metric,51.1575,-58.42,0,top
R12,100R,R_0805_2012Metric,64.6195,-75.946,0,top
SW1,BOOT,Switch_Tactile_SMD_6x6mm,75.714,-98.334,0,top
SW2,RESET,Switch_Tactile_SMD_6x6mm,75.692,-108.966,0,top
U1,AMS1117-3.3,SOT-223-3_TabPin2,49.632,-96.506,0,top
U2,AMS1117-5.0,SOT-223-3_TabPin2,49.632,-107.188,0,top
U3,ESP32-WROOM-32D,ESP32-WROOM-32,79.248,-74.676,0,top
U4,CH340G,SOIC-16_3.9x9.9mm_P1.27mm,103.886,-103.759,0,top
U5,74HC14,SOIC-14_W3.9mm,102.202,-77.47,270,top
Y1,12Mhz,Crystal_SMD_3225-4Pin_3.2x2.5mm,102.151,-114.007,180,top
